species,nodulation
Abarema_abbottii,Yes
Abarema_acreana,Yes
Abarema_adenophora,Yes
Abarema_alexandri,Yes
Abarema_asplenifolia,Yes
Abarema_auriculata,Yes
Abarema_barbouriana,Yes
Abarema_brachystachya,Yes
Abarema_callejasii,Yes
Abarema_campestris,Yes
Abarema_cochleata,Yes
Abarema_cochliocarpos,Yes
Abarema_commutata,Yes
Abarema_curvicarpa,Yes
Abarema_floribunda,Yes
Abarema_ganymedea,Yes
Abarema_glauca,Yes
Abarema_idiopoda,Yes
Abarema_jupunba,Yes
Abarema_langsdorffii,Yes
Abarema_lehmannii,Yes
Abarema_leucophylla,Yes
Abarema_levelii,Yes
Abarema_longipedunculata,Yes
Abarema_macradenia,Yes
Abarema_obovalis,Yes
Abarema_oppositifolia,Yes
Abarema_oxyphyllidia,Yes
Abarema_turbinata,Yes
Abarema_villifera,Yes
Abarema_zollerana,Yes
Acacia_abyssinica,Yes
Acacia_acanthoclada,Yes
Acacia_acatlensis,Yes
Acacia_acinacea,Yes
Acacia_acoma,Yes
Acacia_acradenia,Yes
Acacia_acrionastes,Yes
Acacia_acuaria,Yes
Acacia_aculeatissima,Yes
Acacia_acuminata,Yes
Acacia_adenocalyx,Yes
Acacia_adoxa,Yes
Acacia_adsurgens,Yes
Acacia_adunca,Yes
Acacia_aestivalis,Yes
Acacia_albicorticata,Yes
Acacia_allenii,Yes
Acacia_alpina,Yes
Acacia_ampliceps,Yes
Acacia_amythethophylla,Yes
Acacia_anaticeps,Yes
Acacia_ancistrocarpa,Yes
Acacia_ancistrophylla,Yes
Acacia_andrewsii,Yes
Acacia_aneura,Yes
Acacia_angustissima,Yes
Acacia_anisophylla,Yes
Acacia_aphylla,Yes
Acacia_aprica,Yes
Acacia_araneosa,Yes
Acacia_argyraea,Yes
Acacia_argyrophylla,Yes
Acacia_asak,Yes
Acacia_ascendens,Yes
Acacia_ashbyae,Yes
Acacia_asparagoides,Yes
Acacia_asperulacea,Yes
Acacia_assimilis,Yes
Acacia_ataxacantha,Yes
Acacia_attenuata,Yes
Acacia_aulacocarpa,Yes
Acacia_aulacophylla,Yes
Acacia_auratiflora,Yes
Acacia_auriculiformis,Yes
Acacia_ausfeldii,Yes
Acacia_baileyana,Yes
Acacia_baueri,Yes
Acacia_baxteri,Yes
Acacia_beauverdiana,Yes
Acacia_beckleri,Yes
Acacia_bellula,Yes
Acacia_berlandieri,Yes
Acacia_betchei,Yes
Acacia_biaciculata,Yes
Acacia_bidentata,Yes
Acacia_biflora,Yes
Acacia_bilimekii,Yes
Acacia_binervata,Yes
Acacia_binervia,Yes
Acacia_bivenosa,Yes
Acacia_blakelyi,Yes
Acacia_boliviana,Yes
Acacia_bonariensis,Yes
Acacia_boormanii,Yes
Acacia_brachybotrya,Yes
Acacia_brachystachya,Yes
Acacia_brandegeana,Yes
Acacia_brassii,Yes
Acacia_brevispica,Yes
Acacia_browniana,Yes
Acacia_brownii,Yes
Acacia_brumalis,Yes
Acacia_brunioides,Yes
Acacia_bulgaensis,Yes
Acacia_burkei,Yes
Acacia_burrowii,Yes
Acacia_buxifolia,Yes
Acacia_bynoeana,Yes
Acacia_caerulescens,Yes
Acacia_caesia,Yes
Acacia_caesiella,Yes
Acacia_caffra,Yes
Acacia_calamifolia,Yes
Acacia_calcarata,Yes
Acacia_calcicola,Yes
Acacia_calyculata,Yes
Acacia_cambagei,Yes
Acacia_cana,Yes
Acacia_cangaiensis,Yes
Acacia_cardiophylla,Yes
Acacia_carnosula,Yes
Acacia_caroleae,Yes
Acacia_catechu,Yes
Acacia_catenulata,Yes
Acacia_cavealis,Yes
Acacia_caven,Yes
Acacia_centralis,Yes
Acacia_chamaeleon,Yes
Acacia_chartacea,Yes
Acacia_cheelii,Yes
Acacia_chiapensis,Yes
Acacia_chippendalei,Yes
Acacia_chisholmii,Yes
Acacia_chrysocephala,Yes
Acacia_chrysochaeta,Yes
Acacia_chrysopoda,Yes
Acacia_citrinoviridis,Yes
Acacia_cochlearis,Yes
Acacia_cochliacantha,Yes
Acacia_cochlocarpa,Yes
Acacia_cognata,Yes
Acacia_colletioides,Yes
Acacia_collinsii,Yes
Acacia_comans,Yes
Acacia_compacta,Yes
Acacia_complanata,Yes
Acacia_concinna,Yes
Acacia_concurrens,Yes
Acacia_conferta,Yes
Acacia_confluens,Yes
Acacia_confusa,Yes
Acacia_consanguinea,Yes
Acacia_consobrina,Yes
Acacia_constablei,Yes
Acacia_continua,Yes
Acacia_cookii,Yes
Acacia_coolgardiensis,Yes
Acacia_coriacea,Yes
Acacia_cornigera,Yes
Acacia_coulteri,Yes
Acacia_courtii,Yes
Acacia_covenyi,Yes
Acacia_cracentis,Yes
Acacia_craspedocarpa,Yes
Acacia_crassa,Yes
Acacia_crassicarpa,Yes
Acacia_crassifolia,Yes
Acacia_cremiflora,Yes
Acacia_crinita,Yes
Acacia_cultriformis,Yes
Acacia_cupularis,Yes
Acacia_curranii,Yes
Acacia_curvinervia,Yes
Acacia_cuspidifolia,Yes
Acacia_cuthbertsonii,Yes
Acacia_cyclops,Yes
Acacia_cyperophylla,Yes
Acacia_daviesioides,Yes
Acacia_dawsonii,Yes
Acacia_deanei,Yes
Acacia_decora,Yes
Acacia_decurrens,Yes
Acacia_delphina,Yes
Acacia_densiflora,Yes
Acacia_dentifera,Yes
Acacia_diaphyllodinea,Yes
Acacia_dictyoneura,Yes
Acacia_dictyophleba,Yes
Acacia_dielsii,Yes
Acacia_difficilis,Yes
Acacia_diffusa,Yes
Acacia_disticha,Yes
Acacia_divergens,Yes
Acacia_dodonaeifolia,Yes
Acacia_dolichophylla,Yes
Acacia_doratoxylon,Yes
Acacia_drepanolobium,Yes
Acacia_drummondii,Yes
Acacia_dunnii,Yes
Acacia_eburnea,Yes
Acacia_echinula,Yes
Acacia_elachantha,Yes
Acacia_elata,Yes
Acacia_elongata,Yes
Acacia_enervia,Yes
Acacia_ericifolia,Yes
Acacia_erinacea,Yes
Acacia_erioloba,Yes
Acacia_eriopoda,Yes
Acacia_errabunda,Yes
Acacia_erubescens,Yes
Acacia_erythrocalyx,Yes
Acacia_estrophiolata,Yes
Acacia_etbaica,Yes
Acacia_excelsa,Yes
Acacia_exilis,Yes
Acacia_exocarpoides,Yes
Acacia_extensa,Yes
Acacia_falcata,Yes
Acacia_falciformis,Yes
Acacia_farinosa,Yes
Acacia_farnesiana,Yes
Acacia_fauntleroyi,Yes
Acacia_filicifolia,Yes
Acacia_filifolia,Yes
Acacia_fimbriata,Yes
Acacia_flabellifolia,Yes
Acacia_flavescens,Yes
Acacia_flavipila,Yes
Acacia_fleckeri,Yes
Acacia_flexifolia,Yes
Acacia_flocktoniae,Yes
Acacia_floribunda,Yes
Acacia_fragilis,Yes
Acacia_froggattii,Yes
Acacia_fulva,Yes
Acacia_furcatispina,Yes
Acacia_galeata,Yes
Acacia_galioides,Yes
Acacia_galpinii,Yes
Acacia_gaumeri,Yes
Acacia_gemina,Yes
Acacia_gentlei,Yes
Acacia_georginae,Yes
Acacia_gerrardii,Yes
Acacia_gilesiana,Yes
Acacia_gillii,Yes
Acacia_gladiiformis,Yes
Acacia_glandulifera,Yes
Acacia_glaucocarpa,Yes
Acacia_globulifera,Yes
Acacia_glomerosa,Yes
Acacia_goetzei,Yes
Acacia_goldmanii,Yes
Acacia_gonocarpa,Yes
Acacia_gonoclada,Yes
Acacia_gourmaensis,Yes
Acacia_gracilifolia,Yes
Acacia_grandicornuta,Yes
Acacia_grayana,Yes
Acacia_greggii,Yes
Acacia_grisea,Yes
Acacia_gummifera,Yes
Acacia_gunnii,Yes
Acacia_haematoxylon,Yes
Acacia_hakeoides,Yes
Acacia_hamersleyensis,Yes
Acacia_hammondii,Yes
Acacia_harmandiana,Yes
Acacia_harpophylla,Yes
Acacia_hartwegii,Yes
Acacia_harveyi,Yes
Acacia_havilandiorum,Yes
Acacia_hayesii,Yes
Acacia_hebeclada,Yes
Acacia_hecatophylla,Yes
Acacia_hemignosta,Yes
Acacia_hemiteles,Yes
Acacia_hereroensis,Yes
Acacia_hindsii,Yes
Acacia_hippuroides,Yes
Acacia_hispidula,Yes
Acacia_hockii,Yes
Acacia_hockingsii,Yes
Acacia_holosericea,Yes
Acacia_homalophylla,Yes
Acacia_horridula,Yes
Acacia_howittii,Yes
Acacia_humifusa,Yes
Acacia_hydaspica,Yes
Acacia_idiomorpha,Yes
Acacia_implexa,Yes
Acacia_inaequilatera,Yes
Acacia_ingrata,Yes
Acacia_interior,Yes
Acacia_irrorata,Yes
Acacia_islana,Yes
Acacia_iteaphylla,Yes
Acacia_ixiophylla,Yes
Acacia_ixodes,Yes
Acacia_jacksonioides,Yes
Acacia_jennerae,Yes
Acacia_jibberdingensis,Yes
Acacia_jonesii,Yes
Acacia_jucunda,Yes
Acacia_julifera,Yes
Acacia_karroo,Yes
Acacia_kelleri,Yes
Acacia_kempeana,Yes
Acacia_kettlewelliae,Yes
Acacia_kraussiana,Yes
Acacia_kuhlmannii,Yes
Acacia_kydrensis,Yes
Acacia_lachnophylla,Yes
Acacia_laeta,Yes
Acacia_lahai,Yes
Acacia_lanigera,Yes
Acacia_lasiocalyx,Yes
Acacia_lasiocarpa,Yes
Acacia_latifolia,Yes
Acacia_latipes,Yes
Acacia_latisepala,Yes
Acacia_leiocalyx,Yes
Acacia_leioderma,Yes
Acacia_lentiginea,Yes
Acacia_leprosa,Yes
Acacia_leptoclada,Yes
Acacia_leptopetala,Yes
Acacia_leptophleba,Yes
Acacia_leptospermoides,Yes
Acacia_leptostachya,Yes
Acacia_leucoclada,Yes
Acacia_leucophloea,Yes
Acacia_ligulata,Yes
Acacia_limbata,Yes
Acacia_linearifolia,Yes
Acacia_linifolia,Yes
Acacia_loderi,Yes
Acacia_longifolia,Yes
Acacia_longispicata,Yes
Acacia_longispinea,Yes
Acacia_lunata,Yes
Acacia_lycopodiifolia,Yes
Acacia_lysiphloia,Yes
Acacia_macilenta,Yes
Acacia_macracantha,Yes
Acacia_macradenia,Yes
Acacia_macrostachya,Yes
Acacia_maidenii,Yes
Acacia_maitlandii,Yes
Acacia_mammifera,Yes
Acacia_mangium,Yes
Acacia_marramamba,Yes
Acacia_masliniana,Yes
Acacia_matthewii,Yes
Acacia_mayana,Yes
Acacia_mearnsii,Yes
Acacia_megacephala,Yes
Acacia_meiantha,Yes
Acacia_meisneri,Yes
Acacia_melleodora,Yes
Acacia_mellifera,Yes
Acacia_melvillei,Yes
Acacia_menzelii,Yes
Acacia_merinthophora,Yes
Acacia_merrallii,Yes
Acacia_microcalyx,Yes
Acacia_microcarpa,Yes
Acacia_millefolia,Yes
Acacia_mimica,Yes
Acacia_mimula,Yes
Acacia_minyura,Yes
Acacia_mollifolia,Yes
Acacia_monacantha,Yes
Acacia_montana,Yes
Acacia_mooreana,Yes
Acacia_mucronata,Yes
Acacia_muelleriana,Yes
Acacia_multisiliqua,Yes
Acacia_multispicata,Yes
Acacia_murrayana,Yes
Acacia_mutabilis,Yes
Acacia_myrmecophila,Yes
Acacia_myrtifolia,Yes
Acacia_nanodealbata,Yes
Acacia_nematophylla,Yes
Acacia_neovernicosa,Yes
Acacia_neriifolia,Yes
Acacia_nervosa,Yes
Acacia_nigrescens,Yes
Acacia_nigripilosa,Yes
Acacia_nilotica,Yes
Acacia_nitidula,Yes
Acacia_nodiflora,Yes
Acacia_notabilis,Yes
Acacia_nyssophylla,Yes
Acacia_obliqua,Yes
Acacia_obliquinervia,Yes
Acacia_obtusifolia,Yes
Acacia_occidentalis,Yes
Acacia_oerfota,Yes
Acacia_oldfieldii,Yes
Acacia_olgana,Yes
Acacia_oligoneura,Yes
Acacia_olsenii,Yes
Acacia_oncinophylla,Yes
Acacia_ophiolithica,Yes
Acacia_orbifolia,Yes
Acacia_origena,Yes
Acacia_orites,Yes
Acacia_orthocarpa,Yes
Acacia_orthotricha,Yes
Acacia_oswaldii,Yes
Acacia_oxycedrus,Yes
Acacia_pacensis,Yes
Acacia_pachyphloia,Yes
Acacia_pallidifolia,Yes
Acacia_paraneura,Yes
Acacia_parramattensis,Yes
Acacia_parviflora,Yes
Acacia_parvipinnula,Yes
Acacia_patagiata,Yes
Acacia_pendula,Yes
Acacia_peninsularis,Yes
Acacia_pennata,Yes
Acacia_pennatula,Yes
Acacia_penninervis,Yes
Acacia_pentadenia,Yes
Acacia_pentagona,Yes
Acacia_permixta,Yes
Acacia_persiciflora,Yes
Acacia_pervillei,Yes
Acacia_peuce,Yes
Acacia_phlebopetala,Yes
Acacia_picachensis,Yes
Acacia_piligera,Yes
Acacia_pinguiculosa,Yes
Acacia_platycarpa,Yes
Acacia_plectocarpa,Yes
Acacia_pluricapitata,Yes
Acacia_podalyriifolia,Yes
Acacia_poliochroa,Yes
Acacia_polyacantha,Yes
Acacia_polybotrya,Yes
Acacia_polyphylla,Yes
Acacia_polystachya,Yes
Acacia_praecox,Yes
Acacia_praelongata,Yes
Acacia_prainii,Yes
Acacia_pravissima,Yes
Acacia_pringlei,Yes
Acacia_producta,Yes
Acacia_prominens,Yes
Acacia_pruinocarpa,Yes
Acacia_pruinosa,Yes
Acacia_pseudofistula,Yes
Acacia_pubescens,Yes
Acacia_pulchella,Yes
Acacia_pulviniformis,Yes
Acacia_puncticulata,Yes
Acacia_pusilla,Yes
Acacia_pustula,Yes
Acacia_pycnantha,Yes
Acacia_pycnocephala,Yes
Acacia_pycnostachya,Yes
Acacia_pygmaea,Yes
Acacia_pyrifolia,Yes
Acacia_quadrilateralis,Yes
Acacia_quadrimarginea,Yes
Acacia_quornensis,Yes
Acacia_redolens,Yes
Acacia_reficiens,Yes
Acacia_rehmanniana,Yes
Acacia_reniformis,Yes
Acacia_resinosa,Yes
Acacia_retivenea,Yes
Acacia_rhetinocarpa,Yes
Acacia_rhigiophylla,Yes
Acacia_rigidula,Yes
Acacia_riparia,Yes
Acacia_robinae,Yes
Acacia_robusta,Yes
Acacia_roemeriana,Yes
Acacia_rosei,Yes
Acacia_rovumae,Yes
Acacia_roycei,Yes
Acacia_rubida,Yes
Acacia_rugata,Yes
Acacia_ruppii,Yes
Acacia_russelliana,Yes
Acacia_sabulosa,Yes
Acacia_saliciformis,Yes
Acacia_salicina,Yes
Acacia_saligna,Yes
Acacia_saxatilis,Yes
Acacia_schaffneri,Yes
Acacia_schinoides,Yes
Acacia_schottii,Yes
Acacia_schweinfurthii,Yes
Acacia_scirpifolia,Yes
Acacia_sclerophylla,Yes
Acacia_sclerosperma,Yes
Acacia_scopulorum,Yes
Acacia_sedifolia,Yes
Acacia_semilunata,Yes
Acacia_semitrullata,Yes
Acacia_senegal,Yes
Acacia_sericata,Yes
Acacia_sertiformis,Yes
Acacia_sessilis,Yes
Acacia_seyal,Yes
Acacia_sibilans,Yes
Acacia_siculiformis,Yes
Acacia_sieberiana,Yes
Acacia_signata,Yes
Acacia_silvestris,Yes
Acacia_simsii,Yes
Acacia_skleroxyla,Yes
Acacia_sparsiflora,Yes
Acacia_spathulifolia,Yes
Acacia_spectabilis,Yes
Acacia_sphaerocephala,Yes
Acacia_spinescens,Yes
Acacia_spirorbis,Yes
Acacia_spondylophylla,Yes
Acacia_spongolitica,Yes
Acacia_stenophylla,Yes
Acacia_stenoptera,Yes
Acacia_stereophylla,Yes
Acacia_stigmatophylla,Yes
Acacia_stipuligera,Yes
Acacia_stricta,Yes
Acacia_stuhlmannii,Yes
Acacia_subangulata,Yes
Acacia_subcaerulea,Yes
Acacia_suberosa,Yes
Acacia_subporosa,Yes
Acacia_subtessarogona,Yes
Acacia_sulcata,Yes
Acacia_swazica,Yes
Acacia_synchronicia,Yes
Acacia_tarculensis,Yes
Acacia_teniana,Yes
Acacia_tenuifolia,Yes
Acacia_tenuispica,Yes
Acacia_tenuissima,Yes
Acacia_tequilana,Yes
Acacia_terminalis,Yes
Acacia_tetanophylla,Yes
Acacia_tindaleae,Yes
Acacia_tomentosa,Yes
Acacia_torta,Yes
Acacia_torticarpa,Yes
Acacia_tortilis,Yes
Acacia_tortuosa,Yes
Acacia_trachycarpa,Yes
Acacia_trachyphloia,Yes
Acacia_translucens,Yes
Acacia_trigonophylla,Yes
Acacia_trinalis,Yes
Acacia_trineura,Yes
Acacia_triptera,Yes
Acacia_triptycha,Yes
Acacia_truncata,Yes
Acacia_tumida,Yes
Acacia_ulicifolia,Yes
Acacia_ulicina,Yes
Acacia_uncinata,Yes
Acacia_uncinella,Yes
Acacia_undoolyana,Yes
Acacia_urophylla,Yes
Acacia_validinervia,Yes
Acacia_verniciflua,Yes
Acacia_veronica,Yes
Acacia_verricula,Yes
Acacia_verticillata,Yes
Acacia_vestita,Yes
Acacia_victoriae,Yes
Acacia_villosa,Yes
Acacia_visco,Yes
Acacia_volubilis,Yes
Acacia_wanyu,Yes
Acacia_wattsiana,Yes
Acacia_websteri,Yes
Acacia_whitei,Yes
Acacia_wickhamii,Yes
Acacia_wilhelmiana,Yes
Acacia_willardiana,Yes
Acacia_willdenowiana,Yes
Acacia_williamsonii,Yes
Acacia_wiseana,Yes
Acacia_wrightii,Yes
Acacia_xanthina,Yes
Acacia_xanthophloea,Yes
Acacia_xiphophylla,Yes
Acacia_yirrkallensis,Yes
Acacia_yorkrakinensis,Yes
Acacia_yunnanensis,Yes
Acaciella_bicolor,Yes
Acaciella_chamelensis,Yes
Acaciella_goldmanii,Yes
Acaciella_painteri,Yes
Adenopodia_scelerata,Yes
Adenopodia_spicata,Yes
Albizia_adianthifolia,Yes
Albizia_adinocephala,Yes
Albizia_altissima,Yes
Albizia_amara,Yes
Albizia_androyensis,Yes
Albizia_anthelmintica,Yes
Albizia_antunesiana,Yes
Albizia_arenicola,Yes
Albizia_atakataka,Yes
Albizia_aurisparsa,Yes
Albizia_bernieri,Yes
Albizia_berteriana,Yes
Albizia_boinensis,Yes
Albizia_burkartiana,Yes
Albizia_canescens,Yes
Albizia_carbonaria,Yes
Albizia_carrii,Yes
Albizia_chevalieri,Yes
Albizia_chinensis,Yes
Albizia_commiphoroides,Yes
Albizia_decandra,Yes
Albizia_duckeana,Yes
Albizia_edwallii,Yes
Albizia_forbesii,Yes
Albizia_glaberrima,Yes
Albizia_glabripetala,Yes
Albizia_grandibracteata,Yes
Albizia_greveana,Yes
Albizia_guachapele,Yes
Albizia_gummifera,Yes
Albizia_harveyi,Yes
Albizia_inundata,Yes
Albizia_julibrissin,Yes
Albizia_kalkora,Yes
Albizia_kostermansii,Yes
Albizia_lebbekoides,Yes
Albizia_leonardii,Yes
Albizia_mahalao,Yes
Albizia_mainaea,Yes
Albizia_malacophylla,Yes
Albizia_masikororum,Yes
Albizia_multiflora,Yes
Albizia_myriophylla,Yes
Albizia_niopoides,Yes
Albizia_obliquifoliolata,Yes
Albizia_odoratissima,Yes
Albizia_pedicellaris,Yes
Albizia_pistaciifolia,Yes
Albizia_polycephala,Yes
Albizia_polyphylla,Yes
Albizia_procera,Yes
Albizia_saman,Yes
Albizia_saponaria,Yes
Albizia_schimperiana,Yes
Albizia_sinaloensis,Yes
Albizia_subdimidiata,Yes
Albizia_tanganyicensis,Yes
Albizia_tomentosa,Yes
Albizia_tulearensis,Yes
Albizia_versicolor,Yes
Albizia_viridis,Yes
Albizia_zygia,Yes
Anadenanthera_peregrina,Yes
Archidendron_borneense,Yes
Archidendron_chevalieri,Yes
Archidendron_clypearia,Yes
Archidendron_eberhardtii,Yes
Archidendron_ellipticum,Yes
Archidendron_glabrum,Yes
Archidendron_glomeriflorum,Yes
Archidendron_jiringa,Yes
Archidendron_lucyi,Yes
Archidendron_ptenopum,Yes
Archidendron_robinsonii,Yes
Archidendron_scutiferum,Yes
Archidendron_triplinervium,Yes
Archidendron_utile,Yes
Archidendropsis_basaltica,Yes
Archidendropsis_fournieri,Yes
Archidendropsis_granulosa,Yes
Aubrevillea_kerstingii,No
Balizia_elegans,Yes
Balizia_leucocalyx,Yes
Calliandra_asplenioides,Yes
Calliandra_bahiana,Yes
Calliandra_bella,Yes
Calliandra_biflora,Yes
Calliandra_bijuga,Yes
Calliandra_bombycina,Yes
Calliandra_brenesii,Yes
Calliandra_brevicaulis,Yes
Calliandra_brevipes,Yes
Calliandra_caeciliae,Yes
Calliandra_californica,Yes
Calliandra_calothyrsus,Yes
Calliandra_calycina,Yes
Calliandra_chilensis,Yes
Calliandra_chulumania,Yes
Calliandra_comosa,Yes
Calliandra_conferta,Yes
Calliandra_densifolia,Yes
Calliandra_dysantha,Yes
Calliandra_elegans,Yes
Calliandra_eriophylla,Yes
Calliandra_erubescens,Yes
Calliandra_erythrocephala,Yes
Calliandra_fasciculata,Yes
Calliandra_foliolosa,Yes
Calliandra_fuscipila,Yes
Calliandra_glomerulata,Yes
Calliandra_glyphoxylon,Yes
Calliandra_guildingii,Yes
Calliandra_haematocephala,Yes
Calliandra_haematomma,Yes
Calliandra_hirsuta,Yes
Calliandra_houstoniana,Yes
Calliandra_humilis,Yes
Calliandra_hymenaeodes,Yes
Calliandra_juzepczukii,Yes
Calliandra_laevis,Yes
Calliandra_lanata,Yes
Calliandra_longipes,Yes
Calliandra_luetzelburgii,Yes
Calliandra_magdalenae,Yes
Calliandra_molinae,Yes
Calliandra_mollissima,Yes
Calliandra_obesifolia,Yes
Calliandra_palmeri,Yes
Calliandra_pedicellata,Yes
Calliandra_pilosa,Yes
Calliandra_pittieri,Yes
Calliandra_quetzal,Yes
Calliandra_rhodocephala,Yes
Calliandra_rubescens,Yes
Calliandra_stipulacea,Yes
Calliandra_surinamensis,Yes
Calliandra_tergemina,Yes
Calliandra_trinervia,Yes
Calliandra_tsugoides,Yes
Calliandra_tweedii,Yes
Calliandra_viscidula,Yes
Calpocalyx_aubrevillei,No
Calpocalyx_brevibracteatus,No
Calpocalyx_cauliflorus,No
Calpocalyx_dinklagei,No
Cathormion_altissimum,Yes
Chidlowia_sanguinea,Yes
Chloroleucon_foliolosum,Yes
Chloroleucon_mangense,Yes
Chloroleucon_tenuiflorum,Yes
Cojoba_arborea,Yes
Cojoba_catenata,Yes
Cojoba_costaricensis,Yes
Cojoba_escuintlensis,Yes
Cojoba_graciliflora,Yes
Cojoba_matudae,Yes
Cojoba_rufescens,Yes
Cojoba_sophorocarpa,Yes
Cojoba_valerioi,Yes
Cylicodiscus_gabunensis,No
Desmanthus_balsensis,Yes
Desmanthus_bicornutus,Yes
Desmanthus_covillei,Yes
Desmanthus_fruticosus,Yes
Desmanthus_leptophyllus,Yes
Desmanthus_oligospermus,Yes
Desmanthus_painteri,Yes
Desmanthus_pumilus,Yes
Desmanthus_subulatus,Yes
Desmanthus_virgatus,Yes
Dichrostachys_cinerea,Yes
Dichrostachys_spicata,Yes
Ebenopsis_confinis,Yes
Ebenopsis_ebano,Yes
Elephantorrhiza_elephantina,Yes
Elephantorrhiza_goetzei,Yes
Entada_abyssinica,Yes
Entada_gigas,Yes
Entada_glandulosa,Yes
Entada_mannii,Yes
Entada_polyphylla,Yes
Entada_polystachya,Yes
Entada_rheedii,Yes
Entada_stuhlmannii,Yes
Enterolobium_barnebianum,Yes
Enterolobium_contortisiliquum,Yes
Enterolobium_cyclocarpum,Yes
Enterolobium_ellipticum,Yes
Enterolobium_gummiferum,Yes
Enterolobium_schomburgkii,Yes
Enterolobium_timbouva,Yes
Faidherbia_albida,Yes
Falcataria_moluccana,Yes
Gagnebina_commersoniana,Yes
Gagnebina_microcephala,Yes
Gagnebina_pterocarpa,Yes
Havardia_albicans,Yes
Havardia_campylacanthus,Yes
Havardia_mexicana,Yes
Havardia_pallens,Yes
Hesperalbizia_occidentalis,Yes
Hydrochorea_corymbosa,Yes
Hydrochorea_gonggrijpii,Yes
Inga_acreana,Yes
Inga_acrocephala,Yes
Inga_acuminata,Yes
Inga_adenophylla,Yes
Inga_affinis,Yes
Inga_aggregata,Yes
Inga_alata,Yes
Inga_alba,Yes
Inga_altissima,Yes
Inga_arenicola,Yes
Inga_auristellae,Yes
Inga_barbata,Yes
Inga_barbourii,Yes
Inga_belizensis,Yes
Inga_bella,Yes
Inga_blanchetiana,Yes
Inga_bourgonii,Yes
Inga_brachyrhachis,Yes
Inga_brachystachya,Yes
Inga_bracteifera,Yes
Inga_bracteosa,Yes
Inga_brevipedicellata,Yes
Inga_brevipes,Yes
Inga_bullatorugosa,Yes
Inga_calcicola,Yes
Inga_calderonii,Yes
Inga_carinata,Yes
Inga_cecropietorum,Yes
Inga_chocoensis,Yes
Inga_ciliata,Yes
Inga_cocleensis,Yes
Inga_codonantha,Yes
Inga_cookii,Yes
Inga_cordatoalata,Yes
Inga_cordistipula,Yes
Inga_coruscans,Yes
Inga_crassiflora,Yes
Inga_cyclocarpa,Yes
Inga_davidsei,Yes
Inga_densiflora,Yes
Inga_disticha,Yes
Inga_duckei,Yes
Inga_edulis,Yes
Inga_endlicheri,Yes
Inga_exalata,Yes
Inga_fendleriana,Yes
Inga_feuilleei,Yes
Inga_filiformis,Yes
Inga_flagelliformis,Yes
Inga_gereauana,Yes
Inga_golfodulcensis,Yes
Inga_gracilifolia,Yes
Inga_gracilior,Yes
Inga_grandis,Yes
Inga_hayesii,Yes
Inga_herrerae,Yes
Inga_heterophylla,Yes
Inga_hintonii,Yes
Inga_ilta,Yes
Inga_inflata,Yes
Inga_ingoides,Yes
Inga_interrupta,Yes
Inga_ismaelis,Yes
Inga_jinicuil,Yes
Inga_klugii,Yes
Inga_lallensis,Yes
Inga_latipes,Yes
Inga_laurina,Yes
Inga_lentiscifolia,Yes
Inga_lineata,Yes
Inga_litoralis,Yes
Inga_longipes,Yes
Inga_longispica,Yes
Inga_macrophylla,Yes
Inga_maritima,Yes
Inga_maynensis,Yes
Inga_megaphylla,Yes
Inga_micheliana,Yes
Inga_microcalyx,Yes
Inga_mortoniana,Yes
Inga_mucuna,Yes
Inga_multijuga,Yes
Inga_multinervis,Yes
Inga_nobilis,Yes
Inga_obidensis,Yes
Inga_oerstediana,Yes
Inga_paterno,Yes
Inga_pauciflora,Yes
Inga_pavoniana,Yes
Inga_pezizifera,Yes
Inga_pilosula,Yes
Inga_pinetorum,Yes
Inga_polita,Yes
Inga_pseudoinvolucrata,Yes
Inga_punctata,Yes
Inga_quaternata,Yes
Inga_ricardorum,Yes
Inga_rubiginosa,Yes
Inga_ruiziana,Yes
Inga_saltensis,Yes
Inga_samanensis,Yes
Inga_schiedeana,Yes
Inga_sellowiana,Yes
Inga_semialata,Yes
Inga_sertulifera,Yes
Inga_sessilis,Yes
Inga_sierrae,Yes
Inga_sinacae,Yes
Inga_skutchii,Yes
Inga_stenoptera,Yes
Inga_stipulacea,Yes
Inga_stipularis,Yes
Inga_tenuicalyx,Yes
Inga_tenuipedunculata,Yes
Inga_tenuistipula,Yes
Inga_tocacheana,Yes
Inga_tomentosa,Yes
Inga_tonduzii,Yes
Inga_umbellifera,Yes
Inga_umbratica,Yes
Inga_uraguensis,Yes
Inga_uruguensis,Yes
Inga_venusta,Yes
Inga_vera,Yes
Inga_villosissima,Yes
Inga_virescens,Yes
Inga_virgultosa,Yes
Inga_vulpina,Yes
Jacqueshuberia_brevipes,Yes
Jacqueshuberia_loretensis,Yes
Leucaena_collinsii,Yes
Leucaena_cuspidata,Yes
Leucaena_diversifolia,Yes
Leucaena_esculenta,Yes
Leucaena_lanceolata,Yes
Leucaena_mixtec,Yes
Leucaena_pueblana,Yes
Leucaena_pulverulenta,Yes
Leucaena_retusa,Yes
Leucaena_trichodes,Yes
Lysiloma_candida,Yes
Lysiloma_divaricatum,Yes
Lysiloma_latisiliquum,Yes
Lysiloma_microphylla,Yes
Lysiloma_tergemina,Yes
Lysiloma_watsonii,Yes
Macrosamanea_simabifolia,Yes
Macrosamanea_spruceana,Yes
Microlobius_foetidus,Yes
Mimosa_acantholoba,Yes
Mimosa_acapulcensis,Yes
Mimosa_acerba,Yes
Mimosa_aculeaticarpa,Yes
Mimosa_adenantheroides,Yes
Mimosa_affinis,Yes
Mimosa_albida,Yes
Mimosa_albolanata,Yes
Mimosa_annularis,Yes
Mimosa_antioquensis,Yes
Mimosa_antrorsa,Yes
Mimosa_arenosa,Yes
Mimosa_asperata,Yes
Mimosa_aurivillus,Yes
Mimosa_bahamensis,Yes
Mimosa_benthamii,Yes
Mimosa_bimucronata,Yes
Mimosa_bonplandii,Yes
Mimosa_borealis,Yes
Mimosa_brachycarpa,Yes
Mimosa_brandegeei,Yes
Mimosa_brandegei,Yes
Mimosa_brevispicata,Yes
Mimosa_caerulea,Yes
Mimosa_caesalpiniifolia,Yes
Mimosa_cainguensis,Yes
Mimosa_calcicola,Yes
Mimosa_camporum,Yes
Mimosa_chaetocarpa,Yes
Mimosa_claussenii,Yes
Mimosa_colombiana,Yes
Mimosa_congestifolia,Yes
Mimosa_cordistipula,Yes
Mimosa_costenya,Yes
Mimosa_cruenta,Yes
Mimosa_cyclophylla,Yes
Mimosa_daleoides,Yes
Mimosa_deamii,Yes
Mimosa_debilis,Yes
Mimosa_decorticans,Yes
Mimosa_depauperata,Yes
Mimosa_diplotricha,Yes
Mimosa_distachya,Yes
Mimosa_distans,Yes
Mimosa_diversifolia,Yes
Mimosa_diversipila,Yes
Mimosa_dolens,Yes
Mimosa_dormiens,Yes
Mimosa_dryandroides,Yes
Mimosa_egregia,Yes
Mimosa_emoryana,Yes
Mimosa_ephedroides,Yes
Mimosa_ervendbergii,Yes
Mimosa_flagellaris,Yes
Mimosa_flocculosa,Yes
Mimosa_foliolosa,Yes
Mimosa_galeottii,Yes
Mimosa_gemmulata,Yes
Mimosa_gentryi,Yes
Mimosa_glaucescens,Yes
Mimosa_glutinosa,Yes
Mimosa_goldmanii,Yes
Mimosa_gracilis,Yes
Mimosa_grahamii,Yes
Mimosa_guaranitica,Yes
Mimosa_guatemalensis,Yes
Mimosa_guilandinae,Yes
Mimosa_guirocobensis,Yes
Mimosa_gymnas,Yes
Mimosa_hilariana,Yes
Mimosa_hirsutissima,Yes
Mimosa_hondurana,Yes
Mimosa_hypoglauca,Yes
Mimosa_hystricina,Yes
Mimosa_incarum,Yes
Mimosa_invisa,Yes
Mimosa_ionema,Yes
Mimosa_lacerata,Yes
Mimosa_lactiflua,Yes
Mimosa_lanuginosa,Yes
Mimosa_lasiocarpa,Yes
Mimosa_laxiflora,Yes
Mimosa_lepidota,Yes
Mimosa_leptocarpa,Yes
Mimosa_leucaenoides,Yes
Mimosa_luisana,Yes
Mimosa_malacocarpa,Yes
Mimosa_malacophylla,Yes
Mimosa_manidea,Yes
Mimosa_margaritae,Yes
Mimosa_martindelcampoi,Yes
Mimosa_maxonii,Yes
Mimosa_melanocarpa,Yes
Mimosa_mellii,Yes
Mimosa_meticulosa,Yes
Mimosa_micheliana,Yes
Mimosa_microcephala,Yes
Mimosa_micropteris,Yes
Mimosa_minutifolia,Yes
Mimosa_mollis,Yes
Mimosa_monancistra,Yes
Mimosa_moniliformis,Yes
Mimosa_myriadena,Yes
Mimosa_nanchititlana,Yes
Mimosa_nelsonii,Yes
Mimosa_neptuniodes,Yes
Mimosa_nuda,Yes
Mimosa_nuttallii,Yes
Mimosa_obovata,Yes
Mimosa_obstrigosa,Yes
Mimosa_occidentalis,Yes
Mimosa_oligacantha,Yes
Mimosa_oligophylla,Yes
Mimosa_orthacantha,Yes
Mimosa_orthocarpa,Yes
Mimosa_palmeri,Yes
Mimosa_paludosa,Yes
Mimosa_paucijuga,Yes
Mimosa_paupera,Yes
Mimosa_pectinatipinna,Yes
Mimosa_pedersenii,Yes
Mimosa_pellita,Yes
Mimosa_pigra,Yes
Mimosa_pilulifera,Yes
Mimosa_pithecolobioides,Yes
Mimosa_platycarpa,Yes
Mimosa_pogocephala,Yes
Mimosa_polyancistra,Yes
Mimosa_polyantha,Yes
Mimosa_polycarpa,Yes
Mimosa_polycephala,Yes
Mimosa_potosina,Yes
Mimosa_pringlei,Yes
Mimosa_pseudoradula,Yes
Mimosa_psilocarpa,Yes
Mimosa_pteridifolia,Yes
Mimosa_pudica,Yes
Mimosa_purpurascens,Yes
Mimosa_purpusii,Yes
Mimosa_quadrivalvis,Yes
Mimosa_radula,Yes
Mimosa_ramosissima,Yes
Mimosa_rhodocarpa,Yes
Mimosa_rhododactyla,Yes
Mimosa_rosei,Yes
Mimosa_rufescens,Yes
Mimosa_scabrella,Yes
Mimosa_schleidenii,Yes
Mimosa_schomburgkii,Yes
Mimosa_sensibilis,Yes
Mimosa_setosa,Yes
Mimosa_sicyocarpa,Yes
Mimosa_similis,Yes
Mimosa_sinaloensis,Yes
Mimosa_skinneri,Yes
Mimosa_somnians,Yes
Mimosa_sousae,Yes
Mimosa_spirocarpa,Yes
Mimosa_strigillosa,Yes
Mimosa_tenuiflora,Yes
Mimosa_townsendii,Yes
Mimosa_tricephala,Yes
Mimosa_turneri,Yes
Mimosa_unipinnata,Yes
Mimosa_ursina,Yes
Mimosa_velloziana,Yes
Mimosa_venatorum,Yes
Mimosa_virgula,Yes
Mimosa_warnockii,Yes
Mimosa_watsonii,Yes
Mimosa_wherryana,Yes
Mimosa_xanthocentra,Yes
Mimosa_xanti,Yes
Mimosa_xochipalensis,Yes
Mimosa_zacapana,Yes
Mimosa_zygophylla,Yes
Neptunia_gracilis,Yes
Neptunia_lutea,Yes
Neptunia_natans,Yes
Neptunia_oleracea,Yes
Neptunia_plena,Yes
Neptunia_pubescens,Yes
Newtonia_buchananii,No
Newtonia_hildebrandtii,No
Newtonia_leucocarpa,No
Parapiptadenia_excelsa,Yes
Paraserianthes_lophantha,Yes
Parkia_cachimboensis,No
Parkia_discolor,No
Parkia_filicoidea,No
Parkia_nitida,No
Parkia_panurensis,No
Parkia_pendula,No
Parkia_platycephala,No
Parkia_reticulata,No
Parkia_ulei,No
Parkia_velutina,No
Pentaclethra_macrophylla,Yes
Piptadenia_buchtienii,Yes
Piptadenia_flava,Yes
Piptadenia_fruticosa,Yes
Piptadenia_gonoacantha,Yes
Piptadenia_macradenia,Yes
Piptadenia_moniliformis,Yes
Piptadenia_obliqua,Yes
Piptadenia_paniculata,Yes
Piptadenia_robusta,Yes
Piptadeniastrum_africanum,Yes
Pithecellobium_albicaule,Yes
Pithecellobium_bahamense,Yes
Pithecellobium_campestre,Yes
Pithecellobium_diversifolium,Yes
Pithecellobium_dulce,Yes
Pithecellobium_elachistophyllum,Yes
Pithecellobium_excelsum,Yes
Pithecellobium_furcatum,Yes
Pithecellobium_halogenes,Yes
Pithecellobium_hymenaeafolium,Yes
Pithecellobium_insigne,Yes
Pithecellobium_lanceolatum,Yes
Pithecellobium_macrandrium,Yes
Pithecellobium_oblongum,Yes
Pithecellobium_pistaciifolium,Yes
Pithecellobium_roseum,Yes
Pithecellobium_seleri,Yes
Pityrocarpa_moniliformis,Yes
Pityrocarpa_obliqua,Yes
Plathymenia_reticulata,Yes
Prosopis_affinis,Yes
Prosopis_alba,Yes
Prosopis_articulata,Yes
Prosopis_caldenia,Yes
Prosopis_campestris,Yes
Prosopis_chilensis,Yes
Prosopis_farcta,Yes
Prosopis_ferox,Yes
Prosopis_flexuosa,Yes
Prosopis_glandulosa,Yes
Prosopis_globosa,Yes
Prosopis_juliflora,Yes
Prosopis_laevigata,Yes
Prosopis_nigra,Yes
Prosopis_pallida,Yes
Prosopis_palmeri,Yes
Prosopis_pubescens,Yes
Prosopis_reptans,Yes
Prosopis_ruscifolia,Yes
Prosopis_tamarugo,Yes
Prosopis_tamaulipana,Yes
Prosopis_torquata,Yes
Pseudopiptadenia_psilostachya,Yes
Pseudopiptadenia_schumanniana,Yes
Samanea_dinklagei,Yes
Senegalia_amazonica,Yes
Senegalia_bahiensis,Yes
Senegalia_etilis,Yes
Senegalia_feddeana,Yes
Senegalia_gilliesii,Yes
Senegalia_miersii,Yes
Senegalia_parviceps,Yes
Senegalia_polyphylla,Yes
Senegalia_skleroxyla,Yes
Senegalia_velutina,Yes
Senegalia_visco,Yes
Serianthes_nelsonii,Yes
Stryphnodendron_adstringens,Yes
Stryphnodendron_guianense,Yes
Stryphnodendron_microstachyum,Yes
Stryphnodendron_polyphyllum,Yes
Stryphnodendron_pulcherrimum,Yes
Tetrapleura_chevalieri,No
Tetrapleura_tetraptera,No
Vachellia_campechiana,Yes
Vachellia_collinsii,Yes
Vachellia_ruddiae,Yes
Wallaceodendron_celebicum,Yes
Xerocladia_viridiramis,Yes
Xylia_fraterna,Yes
Xylia_hoffmannii,Yes
Xylia_xylocarpa,Yes
Zapoteca_alinae,No
Zapoteca_lambertiana,No
Zapoteca_media,No
Zapoteca_portoricensis,No
Zapoteca_ravenii,No
Zapoteca_tetragona,No
Zygia_brenesii,Yes
Zygia_claviflora,Yes
Zygia_coccinea,Yes
Zygia_cognata,Yes
Zygia_confusa,Yes
Zygia_conzattii,Yes
Zygia_englesingii,Yes
Zygia_juruana,Yes
Zygia_lathetica,Yes
Zygia_latifolia,Yes
Zygia_longifolia,Yes
Zygia_paucijugata,Yes
Zygia_peckii,Yes
Zygia_racemosa,Yes
Zygia_recordii,Yes
Zygia_rhytidocarpa,Yes
Zygia_unifoliolata,Yes